-- phpMyAdmin SQL Dump
-- version 5.0.4
-- https://www.phpmyadmin.net/
--
-- Servidor: 127.0.0.1
-- Tiempo de generación: 29-03-2021 a las 07:38:24
-- Versión del servidor: 10.4.17-MariaDB
-- Versión de PHP: 8.0.2

SET SQL_MODE = "NO_AUTO_VALUE_ON_ZERO";
START TRANSACTION;
SET time_zone = "+00:00";


/*!40101 SET @OLD_CHARACTER_SET_CLIENT=@@CHARACTER_SET_CLIENT */;
/*!40101 SET @OLD_CHARACTER_SET_RESULTS=@@CHARACTER_SET_RESULTS */;
/*!40101 SET @OLD_COLLATION_CONNECTION=@@COLLATION_CONNECTION */;
/*!40101 SET NAMES utf8mb4 */;

--
-- Base de datos: `signature`
--

-- --------------------------------------------------------

--
-- Estructura de tabla para la tabla `empleados`
--

CREATE TABLE `empleados` (
  `id_empleado` int(11) NOT NULL,
  `empresa` int(11) NOT NULL,
  `nombre_empleado` varchar(50) NOT NULL,
  `cargo_empleado` varchar(50) DEFAULT NULL,
  `correo_empleado` varchar(100) DEFAULT NULL
) ENGINE=InnoDB DEFAULT CHARSET=utf8;

--
-- Volcado de datos para la tabla `empleados`
--

INSERT INTO `empleados` (`id_empleado`, `empresa`, `nombre_empleado`, `cargo_empleado`, `correo_empleado`) VALUES
(1, 1, 'lina ensayo', 'Coordinadora de rifas y espectaculos', 'sdsds'),
(2, 1, 'otro ensayo', 'asesor', 'sdsds');

-- --------------------------------------------------------

--
-- Estructura de tabla para la tabla `empresas`
--

CREATE TABLE `empresas` (
  `id_empresa` int(11) NOT NULL,
  `nombre_empresa` varchar(200) NOT NULL,
  `nit_empresa` varchar(50) NOT NULL,
  `activo` bit(1) NOT NULL DEFAULT b'1'
) ENGINE=InnoDB DEFAULT CHARSET=utf8;

--
-- Volcado de datos para la tabla `empresas`
--

INSERT INTO `empresas` (`id_empresa`, `nombre_empresa`, `nit_empresa`, `activo`) VALUES
(1, 'andicol', '9000', b'1'),
(2, 'oralhome', '50000', b'1');

-- --------------------------------------------------------

--
-- Estructura de tabla para la tabla `entregas`
--

CREATE TABLE `entregas` (
  `id_entrega` int(11) NOT NULL,
  `empresa` int(11) NOT NULL,
  `empleado` int(11) NOT NULL,
  `usuario` int(11) NOT NULL,
  `observaciones` text DEFAULT NULL,
  `estatus` int(11) NOT NULL DEFAULT 1,
  `fecha_ingreso` datetime NOT NULL DEFAULT current_timestamp(),
  `firma_empleado` text DEFAULT NULL
) ENGINE=InnoDB DEFAULT CHARSET=utf8;

--
-- Volcado de datos para la tabla `entregas`
--

INSERT INTO `entregas` (`id_entrega`, `empresa`, `empleado`, `usuario`, `observaciones`, `estatus`, `fecha_ingreso`, `firma_empleado`) VALUES
(1, 1, 1, 1, '<p>asas</p>', 1, '2021-03-28 23:11:41', NULL),
(2, 1, 1, 1, '<p>asas</p>', 1, '2021-03-28 23:11:43', NULL),
(3, 1, 1, 1, '<p>asas</p>', 1, '2021-03-28 23:11:43', NULL),
(4, 1, 1, 1, '<p>asas</p>', 1, '2021-03-28 23:11:43', NULL),
(5, 1, 1, 1, '<p>asas</p>', 1, '2021-03-28 23:11:43', NULL),
(6, 1, 1, 1, '<p>asas</p>', 1, '2021-03-28 23:11:44', NULL),
(7, 1, 1, 1, '<p>dfdfdfgdf<b>dfgdfgddfdfg</b>dfgdfg</p>', 1, '2021-03-28 23:12:46', NULL),
(8, 1, 1, 1, '<p>dfdfdfgdf<b>dfgdfgddfdfg</b>dfgdfg</p>', 1, '2021-03-28 23:12:46', NULL),
(9, 1, 1, 1, '<p>dfdfdfgdf<b>dfgdfgddfdfg</b>dfgdfg</p>', 1, '2021-03-28 23:12:47', NULL),
(10, 1, 1, 1, '<p>dfdfdfgdf<b>dfgdfgddfdfg</b>dfgdfg</p>', 1, '2021-03-28 23:12:47', NULL),
(11, 1, 1, 1, '<p>dfdfdfgdf<b>dfgdfgddfdfg</b>dfgdfg</p>', 1, '2021-03-28 23:12:47', NULL),
(12, 1, 1, 1, '<p>dfdfdfgdf<b>dfgdfgddfdfg</b>dfgdfg</p>', 1, '2021-03-28 23:12:47', NULL),
(13, 1, 1, 1, '<p>dasd</p>', 1, '2021-03-28 23:13:02', NULL),
(14, 1, 1, 1, '<p>sdfsf</p>', 1, '2021-03-28 23:14:38', NULL),
(15, 1, 1, 1, '<p>sdsd</p>', 1, '2021-03-28 23:16:54', '{\"lines\":[[[57.78,15.4],[55.78,19.4],[55.78,22.4],[57.78,27.4],[57.78,29.4],[58.78,32.4],[59.78,37.4],[60.78,40.4],[62.78,44.4],[62.78,48.4],[63.78,52.4],[63.78,54.4],[65.78,58.4],[65.78,59.4],[65.78,60.4],[67.78,61.4],[68.78,61.4],[69.78,60.4],[71.78,57.4],[74.78,51.4],[78.78,45.4],[79.78,45.4],[80.78,43.4],[82.78,38.4],[83.78,33.4],[84.78,30.4],[87.78,27.4],[87.78,25.4],[90.78,31.4],[90.78,33.4],[91.78,38.4],[93.78,44.4],[95.78,49.4],[97.78,54.4],[98.78,58.4],[100.78,61.4],[102.78,63.4],[103.78,65.4],[104.78,67.4],[108.78,68.4],[110.78,68.4],[114.78,68.4],[115.78,68.4],[118.78,68.4],[121.78,65.4],[123.78,60.4],[127.78,57.4],[130.78,50.4],[132.78,45.4],[134.78,42.4],[137.78,38.4],[139.78,33.4],[140.78,31.4],[140.78,30.4],[141.78,29.4],[142.78,31.4],[143.78,38.4],[143.78,43.4],[144.78,47.4],[144.78,49.4],[145.78,52.4],[145.78,53.4],[147.78,53.4],[149.78,50.4],[150.78,47.4],[153.78,42.4],[154.78,39.4],[155.78,37.4],[158.78,34.4],[159.78,32.4],[160.78,31.4],[161.78,30.4],[161.78,29.4]]]}'),
(16, 1, 1, 1, '', 1, '2021-03-29 00:17:59', '{\"lines\":[[[39.78,17.73],[40.78,17.73],[41.78,17.73],[42.78,21.73],[43.78,23.73],[44.78,25.73],[44.78,27.73],[45.78,32.73],[47.78,35.73],[47.78,36.73],[48.78,38.73],[49.78,41.73],[50.78,42.73],[51.78,43.73],[51.78,45.73],[53.78,46.73],[53.78,47.73],[54.78,48.73],[54.78,50.73],[57.78,51.73],[58.78,51.73],[59.78,51.73],[60.78,51.73],[63.78,51.73],[67.78,46.73],[68.78,43.73],[72.78,38.73],[74.78,36.73],[78.78,32.73],[79.78,28.73],[81.78,26.73],[81.78,25.73],[82.78,25.73],[83.78,24.73],[85.78,25.73],[87.78,31.73],[89.78,34.73],[89.78,36.73],[90.78,37.73],[90.78,41.73],[90.78,42.73],[91.78,44.73],[91.78,45.73],[92.78,45.73],[94.78,44.73],[97.78,41.73],[101.78,37.73],[103.78,35.73],[110.78,33.73],[117.78,32.73],[122.78,32.73],[128.78,32.73],[134.78,32.73],[140.78,34.73],[143.78,36.73],[145.78,40.73],[150.78,43.73],[150.78,44.73],[151.78,47.73],[152.78,50.73],[152.78,51.73],[152.78,52.73],[153.78,52.73],[155.78,50.73],[158.78,48.73],[162.78,46.73],[168.78,45.73],[170.78,43.73],[172.78,43.73],[177.78,43.73],[179.78,43.73],[181.78,43.73],[184.78,43.73],[189.78,45.73],[191.78,46.73],[195.78,47.73],[201.78,51.73],[203.78,52.73],[208.78,52.73],[211.78,52.73],[214.78,52.73],[215.78,52.73],[217.78,51.73],[217.78,50.73],[218.78,48.73]]]}'),
(17, 1, 2, 1, '<p>xcvxcvxv</p>', 1, '2021-03-29 00:28:08', '{\"lines\":[[[21.56,12.97],[19.56,12.97],[19.56,15.97],[19.56,17.97],[19.56,20.97],[19.56,21.97],[19.56,22.97],[19.56,23.97],[18.56,23.97],[17.56,21.97],[16.56,21.97],[16.56,18.97],[15.56,17.97],[15.56,16.97],[13.56,15.97],[12.56,14.97],[11.56,13.97],[11.56,12.97],[9.56,11.97],[9.56,10.97],[8.56,8.97],[7.56,7.97],[7.56,10.97],[7.56,14.97],[7.56,17.97],[7.56,24.97],[7.56,27.97],[7.56,30.97],[7.56,31.97],[7.56,32.97],[7.56,33.97],[7.56,34.97],[7.56,31.97],[7.56,27.97],[7.56,24.97],[8.56,15.97],[8.56,13.97],[10.56,10.97],[10.56,8.97],[10.56,10.97],[12.56,14.97],[12.56,20.97],[12.56,26.97],[12.56,32.97],[12.56,37.97],[12.56,38.97],[12.56,41.97],[12.56,42.97],[12.56,44.97],[12.56,46.97],[12.56,47.97],[12.56,48.97],[11.56,50.97],[11.56,51.97],[11.56,53.97],[11.56,55.97],[10.56,56.97],[10.56,58.97],[10.56,60.97],[10.56,62.97],[8.56,64.97],[8.56,65.97],[8.56,66.97],[8.56,68.97],[7.56,70.97],[7.56,72.97],[7.56,73.97],[7.56,74.97],[7.56,75.97],[7.56,76.97],[7.56,77.97],[7.56,80.97],[7.56,81.97],[7.56,82.97],[7.56,83.97],[7.56,84.97],[7.56,85.97],[7.56,86.97],[7.56,87.97],[11.56,86.97],[12.56,86.97],[15.56,86.97],[18.56,86.97],[21.56,84.97],[23.56,84.97],[25.56,84.97],[28.56,84.97],[30.56,84.97],[38.56,84.97],[47.56,84.97],[56.56,84.97],[63.56,84.97],[70.56,84.97],[73.56,84.97],[76.56,84.97],[78.56,84.97],[79.56,84.97],[82.56,84.97],[89.56,84.97],[95.56,84.97],[100.56,85.97],[102.56,85.97],[107.56,85.97],[110.56,85.97],[113.56,85.97],[120.56,85.97],[125.56,85.97],[127.56,85.97],[130.56,85.97],[133.56,85.97],[140.56,85.97],[142.56,85.97],[146.56,85.97],[147.56,85.97],[149.56,85.97],[151.56,85.97],[153.56,86.97],[157.56,87.97],[162.56,87.97],[168.56,87.97],[175.56,88.97],[178.56,88.97],[185.56,90.97],[189.56,91.97],[192.56,91.97],[196.56,91.97],[199.56,91.97],[203.56,91.97],[208.56,91.97],[213.56,91.97],[218.56,91.97],[221.56,91.97],[223.56,91.97],[226.56,91.97],[232.56,91.97],[239.56,91.97],[243.56,91.97],[247.56,91.97],[250.56,91.97],[253.56,91.97],[255.56,91.97],[259.56,91.97],[261.56,91.97],[266.56,91.97],[270.56,91.97],[276.56,91.97],[281.56,91.97],[285.56,91.97],[286.56,91.97],[287.56,91.97],[288.56,91.97],[290.56,91.97],[293.56,91.97],[297.56,91.97],[299.56,90.97],[301.56,90.97],[303.56,90.97],[306.56,90.97],[312.56,90.97],[315.56,90.97],[316.56,90.97],[317.56,90.97],[318.56,90.97],[319.56,90.97],[320.56,90.97],[322.56,90.97],[327.56,88.97],[330.56,88.97],[332.56,88.97],[337.56,87.97],[340.56,87.97],[345.56,87.97],[349.56,87.97],[350.56,87.97],[353.56,87.97],[355.56,87.97],[357.56,86.97],[358.56,86.97],[359.56,86.97],[361.56,86.97],[363.56,86.97],[363.56,85.97],[365.56,85.97],[366.56,85.97],[367.56,85.97],[368.56,85.97],[369.56,85.97],[370.56,85.97],[371.56,85.97],[372.56,85.97],[373.56,85.97],[375.56,85.97],[376.56,85.97],[377.56,86.97],[379.56,86.97],[380.56,86.97],[380.56,87.97],[382.56,87.97],[383.56,87.97],[385.56,88.97],[386.56,88.97],[387.56,88.97],[388.56,88.97],[389.56,88.97],[389.56,87.97],[389.56,85.97],[389.56,83.97],[388.56,80.97],[388.56,78.97],[387.56,76.97],[387.56,75.97],[387.56,74.97],[387.56,71.97],[387.56,70.97],[387.56,67.97],[387.56,65.97],[387.56,63.97],[387.56,60.97],[387.56,58.97],[387.56,56.97],[387.56,54.97],[387.56,52.97],[387.56,50.97],[387.56,48.97],[387.56,47.97],[387.56,45.97],[388.56,44.97],[388.56,42.97],[389.56,40.97],[389.56,37.97],[389.56,35.97],[389.56,34.97],[389.56,33.97],[390.56,32.97],[390.56,30.97],[391.56,27.97],[391.56,26.97],[391.56,24.97],[391.56,23.97],[392.56,21.97],[392.56,20.97],[392.56,17.97],[392.56,16.97],[392.56,15.97],[392.56,14.97],[392.56,13.97],[392.56,12.97],[392.56,11.97],[392.56,10.97],[391.56,8.97],[390.56,8.97],[389.56,8.97],[388.56,8.97],[382.56,8.97],[380.56,8.97],[378.56,8.97],[377.56,8.97],[376.56,8.97],[375.56,8.97],[372.56,8.97],[370.56,8.97],[368.56,8.97],[362.56,8.97],[359.56,13.97],[355.56,13.97],[350.56,13.97],[348.56,13.97],[347.56,13.97],[343.56,14.97],[340.56,14.97],[338.56,14.97],[335.56,14.97],[328.56,14.97],[319.56,14.97],[313.56,14.97],[307.56,14.97],[302.56,14.97],[298.56,14.97],[297.56,14.97],[295.56,14.97],[293.56,14.97],[290.56,15.97],[288.56,15.97],[286.56,16.97],[280.56,16.97],[275.56,16.97],[269.56,16.97],[263.56,16.97],[259.56,17.97],[250.56,18.97],[247.56,18.97],[243.56,18.97],[237.56,18.97],[232.56,18.97],[228.56,18.97],[223.56,18.97],[221.56,18.97],[217.56,18.97],[213.56,17.97],[209.56,17.97],[205.56,17.97],[193.56,16.97],[188.56,15.97],[182.56,15.97],[177.56,15.97],[173.56,15.97],[171.56,15.97],[167.56,14.97],[163.56,14.97],[159.56,14.97],[152.56,14.97],[147.56,14.97],[142.56,14.97],[139.56,14.97],[133.56,14.97],[128.56,14.97],[121.56,14.97],[115.56,14.97],[109.56,14.97],[101.56,14.97],[96.56,14.97],[89.56,13.97],[86.56,13.97],[81.56,12.97],[76.56,12.97],[67.56,12.97],[65.56,12.97],[61.56,12.97],[60.56,11.97],[58.56,11.97],[57.56,11.97],[53.56,11.97],[51.56,11.97],[47.56,10.97],[45.56,10.97],[43.56,10.97],[42.56,10.97],[39.56,10.97],[35.56,10.97],[30.56,10.97],[28.56,10.97],[26.56,10.97],[25.56,10.97],[23.56,10.97],[22.56,10.97],[21.56,10.97],[20.56,10.97],[19.56,10.97],[18.56,10.97]]]}');

-- --------------------------------------------------------

--
-- Estructura de tabla para la tabla `entregas_productos`
--

CREATE TABLE `entregas_productos` (
  `id_producto` int(11) NOT NULL,
  `entrega` int(11) NOT NULL,
  `cantidad` int(11) DEFAULT NULL,
  `descripcion` varchar(100) DEFAULT NULL,
  `marca` varchar(100) DEFAULT NULL,
  `serial` varchar(100) DEFAULT NULL
) ENGINE=InnoDB DEFAULT CHARSET=utf8;

--
-- Volcado de datos para la tabla `entregas_productos`
--

INSERT INTO `entregas_productos` (`id_producto`, `entrega`, `cantidad`, `descripcion`, `marca`, `serial`) VALUES
(1, 14, 12, '2323', '2323', '2323'),
(2, 15, 12, '2323sdfsfsdf sdf sd sd sdf sdf sfsdfsdf sdfsf sdfsdfs', '', ''),
(3, 16, 12, '2', '', ''),
(4, 17, 1, 'ssczvzv', 'zxczczxc', 'zxczc'),
(5, 17, 2, 'xzxczcz', 'zxczczxc', 'zxczxc');

-- --------------------------------------------------------

--
-- Estructura de tabla para la tabla `person`
--

CREATE TABLE `person` (
  `ID` int(11) UNSIGNED NOT NULL,
  `Name` varchar(85) CHARACTER SET utf8 NOT NULL,
  `Signature` text CHARACTER SET utf8 NOT NULL
) ENGINE=MyISAM DEFAULT CHARSET=latin1;

--
-- Volcado de datos para la tabla `person`
--

INSERT INTO `person` (`ID`, `Name`, `Signature`) VALUES
(16, 'dfdf', '{\"lines\":[[[36.11,11.25],[36.11,11.25],[36.11,19.25],[36.11,30.25],[36.11,41.25],[36.11,50.25],[36.11,58.25],[36.11,63.25],[36.11,66.25],[37.11,69.25],[38.11,69.25],[41.11,68.25],[44.11,56.25],[47.11,48.25],[49.11,40.25],[51.11,34.25],[52.11,30.25],[53.11,29.25],[54.11,32.25],[59.11,44.25],[60.11,64.25],[62.11,69.25],[63.11,73.25],[64.11,75.25],[66.11,76.25],[69.11,76.25],[78.11,68.25],[87.11,55.25],[91.11,44.25],[92.11,39.25],[92.11,34.25],[93.11,31.25],[92.11,31.25]]]}'),
(17, 'bbn', '{\"lines\":[[[62.11,20.25],[62.11,23.25],[63.11,25.25],[64.11,33.25],[67.11,43.25],[68.11,56.25],[70.11,63.25],[71.11,68.25],[73.11,70.25],[76.11,72.25],[77.11,72.25],[80.11,70.25],[80.11,66.25],[82.11,61.25],[83.11,55.25],[86.11,42.25],[87.11,39.25],[87.11,38.25],[88.11,38.25],[91.11,42.25],[93.11,46.25],[94.11,58.25],[97.11,68.25],[99.11,74.25],[102.11,78.25],[104.11,80.25],[106.11,80.25],[116.11,80.25],[122.11,70.25],[130.11,60.25],[138.11,45.25],[143.11,31.25],[147.11,26.25],[147.11,28.25]]]}'),
(14, 'klkl', '{\"lines\":[[[107.11,61.25],[107.11,63.25]],[[68.11,28.25],[67.11,29.25],[67.11,34.25],[66.11,41.25],[66.11,53.25],[66.11,63.25],[66.11,73.25],[68.11,78.25],[69.11,82.25],[72.11,84.25],[73.11,84.25],[76.11,84.25],[77.11,84.25],[81.11,81.25],[89.11,70.25],[94.11,61.25],[99.11,48.25],[100.11,42.25],[100.11,39.25],[100.11,36.25],[100.11,41.25],[100.11,43.25],[100.11,49.25],[101.11,61.25],[103.11,69.25],[106.11,72.25],[108.11,74.25],[110.11,74.25],[116.11,73.25],[129.11,61.25],[132.11,54.25],[140.11,42.25],[141.11,36.25],[144.11,30.25],[144.11,29.25],[141.11,30.25]]]}'),
(15, 'ddf', '{\"lines\":[[[58.11,15.25],[59.11,15.25],[60.11,20.25],[61.11,29.25],[63.11,35.25],[63.11,42.25],[63.11,50.25],[66.11,60.25],[67.11,62.25],[68.11,63.25],[69.11,63.25],[72.11,63.25],[78.11,59.25],[83.11,49.25],[88.11,36.25],[96.11,25.25],[98.11,21.25],[99.11,20.25],[101.11,22.25],[103.11,31.25],[103.11,40.25],[103.11,50.25],[103.11,58.25],[103.11,60.25],[104.11,62.25],[106.11,62.25],[108.11,62.25],[112.11,59.25],[113.11,53.25],[118.11,48.25],[119.11,46.25],[119.11,45.25],[113.11,45.25]]]}'),
(11, 'gfgf', '{\"lines\":[[[26,19.52],[26,19.52],[25,23.52],[22,31.52],[20,44.52],[17,61.52],[17,80.52],[17,85.52],[17,86.52],[20,88.52],[21,89.52],[26,90.52],[30,90.52],[40,84.52],[51,73.52],[55,66.52],[58,55.52],[60,43.52],[60,36.52],[60,40.52],[60,43.52],[60,55.52],[60,68.52],[60,81.52],[60,93.52],[61,95.52],[62,98.52],[63,98.52],[68,93.52],[73,91.52],[82,84.52],[87,78.52],[88,74.52],[91,63.52],[92,51.52],[93,40.52],[93,30.52],[93,25.52],[93,24.52],[93,23.52]]]}'),
(12, 'fgff', '{\"lines\":[[[26,19.52],[26,19.52],[25,23.52],[22,31.52],[20,44.52],[17,61.52],[17,80.52],[17,85.52],[17,86.52],[20,88.52],[21,89.52],[26,90.52],[30,90.52],[40,84.52],[51,73.52],[55,66.52],[58,55.52],[60,43.52],[60,36.52],[60,40.52],[60,43.52],[60,55.52],[60,68.52],[60,81.52],[60,93.52],[61,95.52],[62,98.52],[63,98.52],[68,93.52],[73,91.52],[82,84.52],[87,78.52],[88,74.52],[91,63.52],[92,51.52],[93,40.52],[93,30.52],[93,25.52],[93,24.52],[93,23.52]],[[111,58.52],[112,60.52],[112,66.52],[112,71.52],[112,78.52],[112,84.52],[112,86.52],[112,89.52],[112,91.52],[112,94.52],[113,96.52],[113,98.52],[113,99.52]]]}'),
(13, 'dfdf', '{\"lines\":[[[43,7],[44,7],[44,8],[44,10],[45,15],[45,19],[45,25],[45,30],[45,37],[45,40],[45,43],[45,48],[46,51],[48,56],[51,59],[53,62],[55,64],[57,65],[58,65],[59,65],[60,65],[61,65],[67,65],[70,62],[72,57],[72,51],[72,40],[72,31],[71,24],[71,21],[70,20],[67,20],[67,22],[67,25],[67,32],[67,41],[69,49],[72,55],[73,57],[75,60],[76,61],[77,62],[80,64],[81,64],[83,64],[86,64],[88,64],[89,64],[91,63],[94,57],[94,50],[95,40],[96,32],[96,22],[96,12],[96,8],[95,4],[94,1],[94,0],[93,-1]],[[112,32],[112,33],[112,34],[113,39],[115,43],[116,49],[116,53],[117,55],[117,57],[118,58],[118,56]],[[129,6],[131,10],[132,14],[133,23],[134,31],[134,38],[134,48],[134,53],[134,55],[135,57],[135,59],[136,59],[136,58],[136,56]],[[148,10],[148,11],[149,15],[150,19],[150,26],[151,36],[151,46],[153,53],[154,56],[154,58],[154,59],[155,60],[155,61]],[[166,36],[167,37],[167,38],[169,44],[173,50],[175,55],[178,59],[179,60],[180,61],[181,61],[182,62],[183,62],[185,62]],[[192,37],[191,37],[191,39],[190,42],[189,47],[189,54],[189,59],[189,64],[189,66],[190,68],[190,69],[190,71],[190,74],[190,77],[190,80],[189,81],[187,81],[186,81],[184,80],[181,80],[179,80],[174,80],[172,80],[168,80],[167,80],[166,80]]]}');

-- --------------------------------------------------------

--
-- Estructura de tabla para la tabla `usuario`
--

CREATE TABLE `usuario` (
  `id_usuario` int(11) NOT NULL,
  `nombre_usuario` varchar(200) NOT NULL,
  `usuario_sesion` varchar(20) NOT NULL,
  `clave` varchar(20) NOT NULL,
  `correo_usuario` varchar(50) NOT NULL,
  `firma_usuario` text DEFAULT NULL
) ENGINE=InnoDB DEFAULT CHARSET=utf8;

--
-- Volcado de datos para la tabla `usuario`
--

INSERT INTO `usuario` (`id_usuario`, `nombre_usuario`, `usuario_sesion`, `clave`, `correo_usuario`, `firma_usuario`) VALUES
(1, 'Administrador', 'admin', '1234', '', NULL);

--
-- Índices para tablas volcadas
--

--
-- Indices de la tabla `empleados`
--
ALTER TABLE `empleados`
  ADD PRIMARY KEY (`id_empleado`),
  ADD KEY `empresa` (`empresa`);

--
-- Indices de la tabla `empresas`
--
ALTER TABLE `empresas`
  ADD PRIMARY KEY (`id_empresa`);

--
-- Indices de la tabla `entregas`
--
ALTER TABLE `entregas`
  ADD PRIMARY KEY (`id_entrega`),
  ADD KEY `empresa` (`empresa`),
  ADD KEY `empleado` (`empleado`),
  ADD KEY `usuario` (`usuario`);

--
-- Indices de la tabla `entregas_productos`
--
ALTER TABLE `entregas_productos`
  ADD PRIMARY KEY (`id_producto`),
  ADD KEY `entrega` (`entrega`);

--
-- Indices de la tabla `person`
--
ALTER TABLE `person`
  ADD PRIMARY KEY (`ID`);

--
-- Indices de la tabla `usuario`
--
ALTER TABLE `usuario`
  ADD PRIMARY KEY (`id_usuario`);

--
-- AUTO_INCREMENT de las tablas volcadas
--

--
-- AUTO_INCREMENT de la tabla `empleados`
--
ALTER TABLE `empleados`
  MODIFY `id_empleado` int(11) NOT NULL AUTO_INCREMENT, AUTO_INCREMENT=3;

--
-- AUTO_INCREMENT de la tabla `empresas`
--
ALTER TABLE `empresas`
  MODIFY `id_empresa` int(11) NOT NULL AUTO_INCREMENT, AUTO_INCREMENT=3;

--
-- AUTO_INCREMENT de la tabla `entregas`
--
ALTER TABLE `entregas`
  MODIFY `id_entrega` int(11) NOT NULL AUTO_INCREMENT, AUTO_INCREMENT=18;

--
-- AUTO_INCREMENT de la tabla `entregas_productos`
--
ALTER TABLE `entregas_productos`
  MODIFY `id_producto` int(11) NOT NULL AUTO_INCREMENT, AUTO_INCREMENT=6;

--
-- AUTO_INCREMENT de la tabla `person`
--
ALTER TABLE `person`
  MODIFY `ID` int(11) UNSIGNED NOT NULL AUTO_INCREMENT, AUTO_INCREMENT=18;

--
-- AUTO_INCREMENT de la tabla `usuario`
--
ALTER TABLE `usuario`
  MODIFY `id_usuario` int(11) NOT NULL AUTO_INCREMENT, AUTO_INCREMENT=2;

--
-- Restricciones para tablas volcadas
--

--
-- Filtros para la tabla `empleados`
--
ALTER TABLE `empleados`
  ADD CONSTRAINT `empleados_ibfk_1` FOREIGN KEY (`empresa`) REFERENCES `empresas` (`id_empresa`);

--
-- Filtros para la tabla `entregas`
--
ALTER TABLE `entregas`
  ADD CONSTRAINT `entregas_ibfk_1` FOREIGN KEY (`usuario`) REFERENCES `usuario` (`id_usuario`),
  ADD CONSTRAINT `entregas_ibfk_2` FOREIGN KEY (`empleado`) REFERENCES `empleados` (`id_empleado`),
  ADD CONSTRAINT `entregas_ibfk_3` FOREIGN KEY (`empresa`) REFERENCES `empresas` (`id_empresa`);

--
-- Filtros para la tabla `entregas_productos`
--
ALTER TABLE `entregas_productos`
  ADD CONSTRAINT `entregas_productos_ibfk_1` FOREIGN KEY (`entrega`) REFERENCES `entregas` (`id_entrega`);
COMMIT;

/*!40101 SET CHARACTER_SET_CLIENT=@OLD_CHARACTER_SET_CLIENT */;
/*!40101 SET CHARACTER_SET_RESULTS=@OLD_CHARACTER_SET_RESULTS */;
/*!40101 SET COLLATION_CONNECTION=@OLD_COLLATION_CONNECTION */;
